Workbook

Sheet Summary
A1: LoanMate AI — demo customer data
A2: Source: backend/data/mock_data.json (fictional demo data). Exported 20-Oct-2026. Totals use ACTIVE loans only.
A4: Customer ID | B4: Name | C4: KYC verified | D4: Active loans | E4: Overdue loans | F4: Monthly EMI, active (₹) | G4: Outstanding, active (₹) | H4: Overdue outstanding (₹) | I4: Applications
A5: =Customers!A2 -> CUST001 | B5: =Customers!B2 -> Rajesh Kumar | C5: =Customers!G2 -> Yes | D5: =COUNTIFS(Loans!$B$2:$B$9,A5,Loans!$K$2:$K$9,"Active") -> 2 | E5: =COUNTIFS(Loans!$B$2:$B$9,A5,Loans!$K$2:$K$9,"Overdue") -> 0 | F5: =SUMIFS(Loans!$G$2:$G$9,Loans!$B$2:$B$9,A5,Loans!$K$2:$K$9,"Active") -> 46000 | G5: =SUMIFS(Loans!$H$2:$H$9,Loans!$B$2:$B$9,A5,Loans!$K$2:$K$9,"Active") -> 3190000 | H5: =SUMIFS(Loans!$H$2:$H$9,Loans!$B$2:$B$9,A5,Loans!$K$2:$K$9,"Overdue") -> 0 | I5: =COUNTIFS('Loan Applications'!$B$2:$B$13,A5) -> 5
A6: =Customers!A3 -> CUST002 | B6: =Customers!B3 -> Sanya Malik | C6: =Customers!G3 -> Yes | D6: =COUNTIFS(Loans!$B$2:$B$9,A6,Loans!$K$2:$K$9,"Active") -> 1 | E6: =COUNTIFS(Loans!$B$2:$B$9,A6,Loans!$K$2:$K$9,"Overdue") -> 0 | F6: =SUMIFS(Loans!$G$2:$G$9,Loans!$B$2:$B$9,A6,Loans!$K$2:$K$9,"Active") -> 17200 | G6: =SUMIFS(Loans!$H$2:$H$9,Loans!$B$2:$B$9,A6,Loans!$K$2:$K$9,"Active") -> 580000 | H6: =SUMIFS(Loans!$H$2:$H$9,Loans!$B$2:$B$9,A6,Loans!$K$2:$K$9,"Overdue") -> 0 | I6: =COUNTIFS('Loan Applications'!$B$2:$B$13,A6) -> 7
A7: =Customers!A4 -> CUST003 | B7: =Customers!B4 -> Maanasvee Khetan | C7: =Customers!G4 -> Yes | D7: =COUNTIFS(Loans!$B$2:$B$9,A7,Loans!$K$2:$K$9,"Active") -> 2 | E7: =COUNTIFS(Loans!$B$2:$B$9,A7,Loans!$K$2:$K$9,"Overdue") -> 0 | F7: =SUMIFS(Loans!$G$2:$G$9,Loans!$B$2:$B$9,A7,Loans!$K$2:$K$9,"Active") -> 60500 | G7: =SUMIFS(Loans!$H$2:$H$9,Loans!$B$2:$B$9,A7,Loans!$K$2:$K$9,"Active") -> 5050000 | H7: =SUMIFS(Loans!$H$2:$H$9,Loans!$B$2:$B$9,A7,Loans!$K$2:$K$9,"Overdue") -> 0 | I7: =COUNTIFS('Loan Applications'!$B$2:$B$13,A7) -> 0
A8: =Customers!A5 -> CUST004 | B8: =Customers!B5 -> Reya Oberoi | C8: =Customers!G5 -> No | D8: =COUNTIFS(Loans!$B$2:$B$9,A8,Loans!$K$2:$K$9,"Active") -> 1 | E8: =COUNTIFS(Loans!$B$2:$B$9,A8,Loans!$K$2:$K$9,"Overdue") -> 0 | F8: =SUMIFS(Loans!$G$2:$G$9,Loans!$B$2:$B$9,A8,Loans!$K$2:$K$9,"Active") -> 10500 | G8: =SUMIFS(Loans!$H$2:$H$9,Loans!$B$2:$B$9,A8,Loans!$K$2:$K$9,"Active") -> 45000 | H8: =SUMIFS(Loans!$H$2:$H$9,Loans!$B$2:$B$9,A8,Loans!$K$2:$K$9,"Overdue") -> 0 | I8: =COUNTIFS('Loan Applications'!$B$2:$B$13,A8) -> 0
A9: =Customers!A6 -> CUST005 | B9: =Customers!B6 -> Mohammed Irfan | C9: =Customers!G6 -> Yes | D9: =COUNTIFS(Loans!$B$2:$B$9,A9,Loans!$K$2:$K$9,"Active") -> 0 | E9: =COUNTIFS(Loans!$B$2:$B$9,A9,Loans!$K$2:$K$9,"Overdue") -> 1 | F9: =SUMIFS(Loans!$G$2:$G$9,Loans!$B$2:$B$9,A9,Loans!$K$2:$K$9,"Active") -> 0 | G9: =SUMIFS(Loans!$H$2:$H$9,Loans!$B$2:$B$9,A9,Loans!$K$2:$K$9,"Active") -> 0 | H9: =SUMIFS(Loans!$H$2:$H$9,Loans!$B$2:$B$9,A9,Loans!$K$2:$K$9,"Overdue") -> 1750000 | I9: =COUNTIFS('Loan Applications'!$B$2:$B$13,A9) -> 0
A10: Total | D10: =SUM(D5:D9) -> 6 | E10: =SUM(E5:E9) -> 1 | F10: =SUM(F5:F9) -> 134200 | G10: =SUM(G5:G9) -> 8865000 | H10: =SUM(H5:H9) -> 1750000 | I10: =SUM(I5:I9) -> 12
A12: Active = loan_status "Active". Closed loans (e.g. Mohammed Irfan's gold loan) are excluded from EMI and outstanding totals; overdue loans are shown in their own columns.

Sheet Customers
A1: Customer ID | B1: Name | C1: Phone | D1: Email | E1: Preferred language | F1: City | G1: KYC verified
A2: CUST001 | B2: Rajesh Kumar | C2: +91-9876543210 | D2: rajesh.kumar@email.com | E2: Hindi | F2: Mumbai | G2: Yes
A3: CUST002 | B3: Sanya Malik | C3: +91-9123456789 | D3: sanya.malik@email.com | E3: English | F3: Bengaluru | G3: Yes
A4: CUST003 | B4: Maanasvee Khetan | C4: +91-9988776655 | D4: maanasvee.khetan@email.com | E4: Hindi | F4: Ahmedabad | G4: Yes
A5: CUST004 | B5: Reya Oberoi | C5: +91-9012345678 | D5: reya.oberoi@email.com | E5: English | F5: Hyderabad | G5: No
A6: CUST005 | B6: Mohammed Irfan | C6: +91-9345678901 | D6: irfan.m@email.com | E6: Hindi | F6: Delhi | G6: Yes

Sheet Loans
A1: Loan ID | B1: Customer ID | C1: Customer name | D1: Loan type | E1: Loan amount (₹) | F1: Interest rate | G1: EMI (₹) | H1: Outstanding (₹) | I1: Next due date | J1: Remaining tenure (months) | K1: Status | L1: Disbursed on
A2: LN10001 | B2: CUST001 | C2: =IFERROR(INDEX(Customers!$B:$B,MATCH(B2,Customers!$A:$A,0)),"") -> Rajesh Kumar | D2: Home Loan | E2: 3500000 | F2: 0.085 | G2: 31500 | H2: 2870000 | I2: 46270 | J2: 168 | K2: Active | L2: 44635
A3: LN10002 | B3: CUST001 | C3: =IFERROR(INDEX(Customers!$B:$B,MATCH(B3,Customers!$A:$A,0)),"") -> Rajesh Kumar | D3: Personal Loan | E3: 500000 | F3: 0.12 | G3: 14500 | H3: 320000 | I3: 46270 | J3: 24 | K3: Active | L3: 45545
A4: LN10003 | B4: CUST002 | C4: =IFERROR(INDEX(Customers!$B:$B,MATCH(B4,Customers!$A:$A,0)),"") -> Sanya Malik | D4: Car Loan | E4: 800000 | F4: 0.095 | G4: 17200 | H4: 580000 | I4: 46275 | J4: 36 | K4: Active | L4: 45371
A5: LN10004 | B5: CUST003 | C5: =IFERROR(INDEX(Customers!$B:$B,MATCH(B5,Customers!$A:$A,0)),"") -> Maanasvee Khetan | D5: Home Loan | E5: 4500000 | F5: 0.0875 | G5: 42000 | H5: 4100000 | I5: 46266 | J5: 216 | K5: Active | L5: 45662
A6: LN10005 | B6: CUST003 | C6: =IFERROR(INDEX(Customers!$B:$B,MATCH(B6,Customers!$A:$A,0)),"") -> Maanasvee Khetan | D6: Education Loan | E6: 1200000 | F6: 0.1 | G6: 18500 | H6: 950000 | I6: 46280 | J6: 60 | K6: Active | L6: 45108
A7: LN10006 | B7: CUST004 | C7: =IFERROR(INDEX(Customers!$B:$B,MATCH(B7,Customers!$A:$A,0)),"") -> Reya Oberoi | D7: Personal Loan | E7: 300000 | F7: 0.14 | G7: 10500 | H7: 45000 | I7: 46285 | J7: 5 | K7: Active | L7: 45306
A8: LN10007 | B8: CUST005 | C8: =IFERROR(INDEX(Customers!$B:$B,MATCH(B8,Customers!$A:$A,0)),"") -> Mohammed Irfan | D8: Business Loan | E8: 2000000 | F8: 0.115 | G8: 35000 | H8: 1750000 | I8: 46270 | J8: 54 | K8: Overdue | L8: 45250
A9: LN10008 | B9: CUST005 | C9: =IFERROR(INDEX(Customers!$B:$B,MATCH(B9,Customers!$A:$A,0)),"") -> Mohammed Irfan | D9: Gold Loan | E9: 400000 | F9: 0.075 | G9: 9500 | H9: 0 | J9: 0 | K9: Closed | L9: 44722

Sheet Loan Applications
A1: Application ID | B1: Customer ID | C1: Customer name | D1: Loan type | E1: Amount (₹) | F1: Tenure (months) | G1: Employment | H1: Status | I1: Submitted (UTC)
A2: APPDD8658 | B2: CUST002 | C2: =IFERROR(INDEX(Customers!$B:$B,MATCH(B2,Customers!$A:$A,0)),"") -> Sanya Malik | D2: Personal Loan | E2: 500000 | G2: Salaried | H2: Pending | I2: 46249.5
A3: APP0AEE99 | B3: CUST002 | C3: =IFERROR(INDEX(Customers!$B:$B,MATCH(B3,Customers!$A:$A,0)),"") -> Sanya Malik | D3: Personal Loan | E3: 500000 | G3: Salaried | H3: Pending | I3: 46249.5
A4: APP931290 | B4: CUST002 | C4: =IFERROR(INDEX(Customers!$B:$B,MATCH(B4,Customers!$A:$A,0)),"") -> Sanya Malik | D4: Personal Loan | E4: 500000 | G4: Salaried | H4: Pending | I4: 46249.5
A5: APP92752B | B5: CUST002 | C5: =IFERROR(INDEX(Customers!$B:$B,MATCH(B5,Customers!$A:$A,0)),"") -> Sanya Malik | D5: Personal Loan | E5: 500000 | G5: Salaried | H5: Pending | I5: 46249.5
A6: APPDE9F44 | B6: CUST002 | C6: =IFERROR(INDEX(Customers!$B:$B,MATCH(B6,Customers!$A:$A,0)),"") -> Sanya Malik | D6: Personal Loan | E6: 500000 | G6: Salaried | H6: Pending | I6: 46249.5
A7: APP9DC7C3 | B7: CUST001 | C7: =IFERROR(INDEX(Customers!$B:$B,MATCH(B7,Customers!$A:$A,0)),"") -> Rajesh Kumar | D7: Personal Loan | E7: 500000 | G7: Salaried | H7: Pending | I7: 46249.5
A8: APPE9D557 | B8: CUST001 | C8: =IFERROR(INDEX(Customers!$B:$B,MATCH(B8,Customers!$A:$A,0)),"") -> Rajesh Kumar | D8: Personal Loan | E8: 500000 | G8: Salaried | H8: Pending | I8: 46249.5
A9: APP2B6ADE | B9: CUST001 | C9: =IFERROR(INDEX(Customers!$B:$B,MATCH(B9,Customers!$A:$A,0)),"") -> Rajesh Kumar | D9: Personal Loan | E9: 500000 | G9: Salaried | H9: Pending | I9: 46249.5
A10: APPE5D136 | B10: CUST001 | C10: =IFERROR(INDEX(Customers!$B:$B,MATCH(B10,Customers!$A:$A,0)),"") -> Rajesh Kumar | D10: Personal Loan | E10: 500000 | F10: 36 | G10: Salaried | H10: Pending | I10: 46249.5
A11: APPF8AAD2 | B11: CUST001 | C11: =IFERROR(INDEX(Customers!$B:$B,MATCH(B11,Customers!$A:$A,0)),"") -> Rajesh Kumar | D11: Personal Loan | E11: 500000 | F11: 36 | G11: Salaried | H11: Pending | I11: 46249.5
A12: APP245A9D | B12: CUST002 | C12: =IFERROR(INDEX(Customers!$B:$B,MATCH(B12,Customers!$A:$A,0)),"") -> Sanya Malik | D12: Personal Loan | E12: 500000 | G12: Salaried | H12: Pending | I12: 46249.5
A13: APPDBA724 | B13: CUST002 | C13: =IFERROR(INDEX(Customers!$B:$B,MATCH(B13,Customers!$A:$A,0)),"") -> Sanya Malik | D13: Personal Loan | E13: 500000 | G13: Salaried | H13: Pending | I13: 46249.5
A15: Note: most of these are sample applications created by the automated tests (tests/test_phase1.py), not real submissions.
